{"cameraMode":{"drawMode":0,"name":"Shaded","section":"Shading Mode"},"sceneLighting":false,"audioPlay":false,"sceneViewState":{"m_AlwaysRefresh":false,"showFog":true,"showSkybox":true,"showFlares":true,"showImageEffects":true,"showParticleSystems":true,"showVisualEffectGraphs":true,"m_FxEnabled":true},"in2DMode":false,"pivot":{"x":130.82382202148438,"y":66.96652221679688,"z":-0.8774147033691406},"rotation":{"x":0.09418084472417832,"y":0.061186257749795917,"z":-0.0057992166839540009,"w":0.9936574101448059},"size":3.5660250186920168,"orthographic":false}