{"cameraMode":{"drawMode":0,"name":"Shaded","section":"Shading Mode"},"sceneLighting":true,"audioPlay":false,"sceneViewState":{"m_AlwaysRefresh":false,"showFog":true,"showSkybox":true,"showFlares":true,"showImageEffects":true,"showParticleSystems":true,"showVisualEffectGraphs":true,"m_FxEnabled":true},"in2DMode":false,"pivot":{"x":61.18510437011719,"y":114.39474487304688,"z":8.007728576660157},"rotation":{"x":0.02879452146589756,"y":0.026982830837368966,"z":-0.0007960965158417821,"w":0.9992611408233643},"size":13.101747512817383,"orthographic":false}