{"cameraMode":{"drawMode":0,"name":"Shaded","section":"Shading Mode"},"sceneLighting":false,"audioPlay":false,"sceneViewState":{"m_AlwaysRefresh":false,"showFog":true,"showSkybox":true,"showFlares":true,"showImageEffects":true,"showParticleSystems":true,"showVisualEffectGraphs":true,"m_FxEnabled":true},"in2DMode":false,"pivot":{"x":167.39974975585938,"y":39.85406494140625,"z":21.622007369995118},"rotation":{"x":0.09882256388664246,"y":0.017911270260810853,"z":-0.0017790860729292036,"w":0.9949437975883484},"size":37.08234786987305,"orthographic":false}