{"cameraMode":{"drawMode":0,"name":"Shaded","section":"Shading Mode"},"sceneLighting":false,"audioPlay":false,"sceneViewState":{"m_AlwaysRefresh":false,"showFog":true,"showSkybox":false,"showFlares":true,"showImageEffects":true,"showParticleSystems":true,"showVisualEffectGraphs":true,"m_FxEnabled":true},"in2DMode":false,"pivot":{"x":-6.768083572387695,"y":-0.039999961853027347,"z":-22.00849151611328},"rotation":{"x":0.1527114063501358,"y":-0.0059351795352995399,"z":0.0009042642777785659,"w":0.9882879853248596},"size":5.9482741355896,"orthographic":false}