{"cameraMode":{"drawMode":0,"name":"Shaded","section":"Shading Mode"},"sceneLighting":false,"audioPlay":false,"sceneViewState":{"m_AlwaysRefresh":false,"showFog":true,"showSkybox":false,"showFlares":true,"showImageEffects":true,"showParticleSystems":true,"showVisualEffectGraphs":true,"m_FxEnabled":true},"in2DMode":false,"pivot":{"x":375.69024658203127,"y":13.65723991394043,"z":-5.960464477539063e-8},"rotation":{"x":0.0542735680937767,"y":-0.019474605098366739,"z":0.0010524610988795758,"w":0.9983696341514587},"size":3.6073946952819826,"orthographic":false}