{"cameraMode":{"drawMode":0,"name":"Shaded","section":"Shading Mode"},"sceneLighting":false,"audioPlay":false,"sceneViewState":{"m_AlwaysRefresh":false,"showFog":true,"showSkybox":false,"showFlares":true,"showImageEffects":true,"showParticleSystems":true,"showVisualEffectGraphs":true,"m_FxEnabled":true},"in2DMode":false,"pivot":{"x":418.6026611328125,"y":18.453920364379884,"z":0.02558612823486328},"rotation":{"x":0.12299574911594391,"y":0.008927565068006516,"z":-0.0011125815799459816,"w":0.9923995137214661},"size":2.4533791542053224,"orthographic":false}